{
  "project_info": {
    "project_number": "669032628990",
    "project_id": "groupchat-679d2",
    "storage_bucket": "groupchat-679d2.appspot.com"
  },
  "client": [
    {
      "client_info": {
        "mobilesdk_app_id": "1:669032628990:android:b9af66196bc12c89549baf",
        "android_client_info": {
          "package_name": "com.example.groupchat"
        }
      },
      "oauth_client": [
        {
          "client_id": "669032628990-tn2hv03pm6ve7ms2o051ub1c93h26186.apps.googleusercontent.com",
          "client_type": 3
        }
      ],
      "api_key": [
        {
          "current_key": "AIzaSyCsU2xyVCHPNeojdLHNp-5yEiJRa--xygM"
        }
      ],
      "services": {
        "appinvite_service": {
          "other_platform_oauth_client": [
            {
              "client_id": "669032628990-tn2hv03pm6ve7ms2o051ub1c93h26186.apps.googleusercontent.com",
              "client_type": 3
            }
          ]
        }
      }
    }
  ],
  "configuration_version": "1"
}